{"filename": "pyntcloud_plot", "camera_position": [0.0, 0.0, 3.724757194519043], "look_at": [-7.1167284246168485, -8.200987492347304, 0.27127949139767266], "point_size": 0.14466865062713624, "point_opacity": 0.9, "polylines_points": [], "polylines_colors": []}