{
	"class_name" : "PinholeCameraTrajectory",
	"extrinsic" : 
	[
		[
			-0.76883393080772089,
			-0.19579967396583434,
			-0.60873382895451256,
			0.0,
			0.4678848345875305,
			0.47663040638881771,
			-0.74424944559511075,
			0.0,
			0.43586485107398598,
			-0.85702155362657217,
			-0.27483793082059932,
			0.0,
			-1.2606735487125147,
			-0.28152904653751165,
			2.4465239168049715,
			1.0
		]
	],
	"intrinsic" : 
	{
		"height" : 689,
		"intrinsic_matrix" : 
		[
			491.99698832265847,
			0.0,
			0.0,
			0.0,
			491.99698832265847,
			0.0,
			682.0,
			344.0,
			1.0
		],
		"width" : 1365
	},
	"version_major" : 1,
	"version_minor" : 0
}