{
	"class_name" : "PinholeCameraTrajectory",
	"extrinsic" : 
	[
		[
			-0.32275765686126057,
			-0.48134604887198285,
			-0.8149438484783843,
			0.0,
			0.2340930207730027,
			-0.87487100724221545,
			0.42402969036656174,
			0.0,
			-0.91707576162648607,
			-0.05391383794836388,
			0.39505106697094017,
			0.0,
			-1.0897020343783983,
			3.4043034719615712,
			10.330381732301184,
			1.0
		]
	],
	"intrinsic" : 
	{
		"height" : 689,
		"intrinsic_matrix" : 
		[
			596.69150320747826,
			0.0,
			0.0,
			0.0,
			596.69150320747826,
			0.0,
			682.0,
			344.0,
			1.0
		],
		"width" : 1365
	},
	"version_major" : 1,
	"version_minor" : 0
}