{
	"class_name" : "PinholeCameraTrajectory",
	"extrinsic" : 
	[
		[
			0.54208657281073624,
			0.39457862929861692,
			-0.74192307746769492,
			0.0,
			0.79342471162690587,
			0.050493563366167976,
			0.6065703809438342,
			0.0,
			0.27680204941089542,
			-0.91747376276349812,
			-0.28569655245122721,
			0.0,
			-1.3314064242885693,
			0.88980277761248583,
			0.90667911997230677,
			1.0
		]
	],
	"intrinsic" : 
	{
		"height" : 689,
		"intrinsic_matrix" : 
		[
			596.69150320747826,
			0.0,
			0.0,
			0.0,
			596.69150320747826,
			0.0,
			682.0,
			344.0,
			1.0
		],
		"width" : 1365
	},
	"version_major" : 1,
	"version_minor" : 0
}